Title,Rating,Color,Size,Gender,Price_in_dollar,Price_in_rupiah
Unknown Product,0.0,5,M,Men,100.0,1600000.0
T-shirt 2,3.9,3,M,Women,102.15,1634400.0
Hoodie 3,4.8,3,L,Unisex,496.88,7950080.0
Pants 4,3.3,3,XL,Men,467.31,7476960.0
Outerwear 5,3.5,3,XXL,Women,321.59,5145440.0
Jacket 6,3.3,3,S,Unisex,153.37,2453920.0
Crewneck 7,4.3,3,M,Men,430.75,6892000.0
T-shirt 8,3.1,3,L,Women,487.66,7802560.0
Hoodie 9,3.2,3,XL,Unisex,248.26,3972160.0
Pants 10,4.2,3,XXL,Men,193.76,3100160.0
Jacket 12,3.9,3,M,Unisex,532.99,8527840.0
Crewneck 13,3.2,3,L,Men,340.45,5447200.0
T-shirt 14,3.8,3,XL,Women,203.05,3248800.0
Hoodie 15,3.6,3,XXL,Unisex,136.51,2184160.0
Pants 16,0.0,8,S,Men,0.0,0.0
Outerwear 17,3.8,3,M,Women,52.6,841600.0
Jacket 18,3.8,3,L,Unisex,343.75,5500000.0
Crewneck 19,3.6,3,XL,Men,81.81,1308960.0
T-shirt 20,3.4,3,XXL,Women,82.85,1325600.0
Pants 22,4.9,3,M,Men,269.98,4319680.0
Outerwear 23,3.7,3,L,Women,290.99,4655840.0
Jacket 24,3.9,3,XL,Unisex,513.97,8223520.0
Crewneck 25,3.3,3,XXL,Men,520.16,8322559.999999999
T-shirt 26,4.6,3,S,Women,455.77,7292320.0
Hoodie 27,4.8,3,M,Unisex,221.99,3551840.0
Pants 28,4.0,3,L,Men,326.01,5216160.0
Outerwear 29,3.1,3,XL,Women,53.85,861600.0
Jacket 30,3.7,3,XXL,Unisex,538.14,8610240.0
T-shirt 32,3.4,3,M,Women,416.12,6657920.0
Hoodie 33,3.5,3,L,Unisex,453.01,7248160.0
Pants 34,3.8,3,XL,Men,522.67,8362719.999999999
Outerwear 35,3.8,3,XXL,Women,84.76,1356160.0
Jacket 36,3.7,3,S,Unisex,453.08,7249280.0
Crewneck 37,4.0,3,M,Men,375.38,6006080.0
T-shirt 38,3.2,3,L,Women,304.13,4866080.0
Hoodie 39,4.6,3,XL,Unisex,401.95,6431200.0
Pants 40,3.1,3,XXL,Men,365.85,5853600.0
Jacket 42,3.7,3,M,Unisex,421.51,6744160.0
Crewneck 43,4.5,3,L,Men,181.85,2909600.0
T-shirt 44,3.0,3,XL,Women,207.02,3312320.0
Hoodie 45,4.5,3,XXL,Unisex,543.32,8693120.0
Pants 46,0.0,8,S,Men,0.0,0.0
Outerwear 47,3.2,3,M,Women,397.79,6364640.0
Jacket 48,3.4,3,L,Unisex,312.17,4994720.0
Crewneck 49,4.0,3,XL,Men,66.95,1071200.0
T-shirt 50,3.1,3,XXL,Women,370.81,5932960.0
Pants 52,4.0,3,M,Men,99.78,1596480.0
Outerwear 53,4.3,3,L,Women,279.43,4470880.0
Jacket 54,4.2,3,XL,Unisex,53.41,854560.0
Crewneck 55,3.6,3,XXL,Men,112.11,1793760.0
T-shirt 56,3.8,3,S,Women,290.19,4643040.0
Hoodie 57,4.9,3,M,Unisex,197.21,3155360.0
Pants 58,4.4,3,L,Men,102.36,1637760.0
Outerwear 59,4.6,3,XL,Women,140.89,2254240.0
Jacket 60,4.2,3,XXL,Unisex,210.97,3375520.0
T-shirt 62,3.8,3,M,Women,86.03,1376480.0
Hoodie 63,3.6,3,L,Unisex,404.95,6479200.0
Pants 64,4.0,3,XL,Men,483.03,7728480.0
Outerwear 65,4.1,3,XXL,Women,149.12,2385920.0
Jacket 66,3.5,3,S,Unisex,272.07,4353120.0
Crewneck 67,3.5,3,M,Men,529.42,8470720.0
T-shirt 68,4.0,3,L,Women,501.58,8025280.0
Hoodie 69,3.6,3,XL,Unisex,64.24,1027839.9999999999
Pants 70,4.4,3,XXL,Men,73.21,1171360.0
Jacket 72,4.4,3,M,Unisex,236.0,3776000.0
Crewneck 73,3.0,3,L,Men,153.77,2460320.0
T-shirt 74,3.8,3,XL,Women,481.55,7704800.0
Hoodie 75,4.3,3,XXL,Unisex,131.36,2101760.0
Pants 76,0.0,8,S,Men,0.0,0.0
Outerwear 77,3.7,3,M,Women,53.86,861760.0
Jacket 78,4.3,3,L,Unisex,169.78,2716480.0
Crewneck 79,4.6,3,XL,Men,206.85,3309600.0
T-shirt 80,4.5,3,XXL,Women,261.15,4178399.9999999995
Pants 82,4.8,3,M,Men,519.72,8315520.0
Outerwear 83,3.7,3,L,Women,246.74,3947840.0
Jacket 84,4.8,3,XL,Unisex,176.63,2826080.0
Crewneck 85,3.5,3,XXL,Men,285.26,4564160.0
T-shirt 86,3.9,3,S,Women,104.43,1670880.0
Hoodie 87,4.3,3,M,Unisex,491.89,7870240.0
Pants 88,3.1,3,L,Men,474.4,7590400.0
Outerwear 89,3.0,3,XL,Women,303.52,4856320.0
Jacket 90,4.0,3,XXL,Unisex,447.5,7160000.0
T-shirt 92,3.5,3,M,Women,313.27,5012320.0
Hoodie 93,3.6,3,L,Unisex,85.33,1365280.0
Pants 94,4.3,3,XL,Men,67.18,1074880.0
Outerwear 95,3.5,3,XXL,Women,378.89,6062240.0
Jacket 96,4.9,3,S,Unisex,287.39,4598240.0
Crewneck 97,3.9,3,M,Men,382.07,6113120.0
T-shirt 98,3.1,3,L,Women,537.31,8596960.0
Hoodie 99,3.6,3,XL,Unisex,314.25,5028000.0
Pants 100,4.6,3,XXL,Men,138.58,2217280.0
Jacket 102,3.3,3,M,Unisex,240.04,3840640.0
Crewneck 103,3.5,3,L,Men,145.73,2331680.0
T-shirt 104,3.8,3,XL,Women,148.4,2374400.0
Hoodie 105,4.2,3,XXL,Unisex,313.74,5019840.0
Pants 106,0.0,8,S,Men,0.0,0.0
Outerwear 107,4.0,3,M,Women,414.07,6625120.0
Jacket 108,4.8,3,L,Unisex,346.98,5551680.0
Crewneck 109,3.3,3,XL,Men,367.93,5886880.0
T-shirt 110,4.6,3,XXL,Women,449.82,7197120.0
Pants 112,3.3,3,M,Men,266.37,4261920.0
Outerwear 113,3.7,3,L,Women,279.5,4472000.0
Jacket 114,4.9,3,XL,Unisex,336.66,5386560.0
Crewneck 115,4.5,3,XXL,Men,120.83,1933280.0
T-shirt 116,3.0,3,S,Women,217.16,3474560.0
Hoodie 117,5.0,3,M,Unisex,211.02,3376320.0
Pants 118,3.2,3,L,Men,349.09,5585440.0
Outerwear 119,3.4,3,XL,Women,222.61,3561760.0
Jacket 120,4.0,3,XXL,Unisex,467.52,7480320.0
T-shirt 122,3.6,3,M,Women,122.62,1961920.0
Hoodie 123,3.8,3,L,Unisex,281.13,4498080.0
Pants 124,3.2,3,XL,Men,438.97,7023520.0
Outerwear 125,4.2,3,XXL,Women,437.39,6998240.0
Jacket 126,3.9,3,S,Unisex,276.63,4426080.0
Crewneck 127,4.0,3,M,Men,519.48,8311680.0
T-shirt 128,3.8,3,L,Women,279.17,4466720.0
Hoodie 129,4.5,3,XL,Unisex,158.28,2532480.0
Pants 130,4.8,3,XXL,Men,412.72,6603520.0
Jacket 132,4.2,3,M,Unisex,404.68,6474880.0
Crewneck 133,4.7,3,L,Men,126.02,2016320.0
T-shirt 134,3.2,3,XL,Women,371.09,5937440.0
Hoodie 135,4.7,3,XXL,Unisex,321.34,5141440.0
Pants 136,0.0,8,S,Men,0.0,0.0
Outerwear 137,4.5,3,M,Women,436.77,6988320.0
Jacket 138,3.4,3,L,Unisex,289.72,4635520.0
Crewneck 139,4.5,3,XL,Men,503.32,8053120.0
T-shirt 140,3.5,3,XXL,Women,425.69,6811040.0
Pants 142,4.9,3,M,Men,145.33,2325280.0
Outerwear 143,4.9,3,L,Women,209.16,3346560.0
Jacket 144,4.3,3,XL,Unisex,359.89,5758240.0
Crewneck 145,4.8,3,XXL,Men,217.05,3472800.0
T-shirt 146,4.3,3,S,Women,480.54,7688640.0
Hoodie 147,5.0,3,M,Unisex,190.8,3052800.0
Pants 148,4.7,3,L,Men,377.09,6033440.0
Outerwear 149,3.2,3,XL,Women,194.12,3105920.0
Jacket 150,3.6,3,XXL,Unisex,93.79,1500640.0
T-shirt 152,4.2,3,M,Women,393.04,6288640.0
Hoodie 153,4.3,3,L,Unisex,166.29,2660640.0
Pants 154,3.0,3,XL,Men,146.09,2337440.0
Outerwear 155,4.1,3,XXL,Women,236.45,3783200.0
Jacket 156,3.6,3,S,Unisex,415.32,6645120.0
Crewneck 157,4.0,3,M,Men,69.11,1105760.0
T-shirt 158,4.0,3,L,Women,457.57,7321120.0
Hoodie 159,4.9,3,XL,Unisex,148.23,2371680.0
Pants 160,3.4,3,XXL,Men,175.18,2802880.0
Jacket 162,4.5,3,M,Unisex,96.49,1543840.0
Crewneck 163,4.4,3,L,Men,491.37,7861920.0
T-shirt 164,3.9,3,XL,Women,219.5,3512000.0
Hoodie 165,4.9,3,XXL,Unisex,432.58,6921280.0
Pants 166,0.0,8,S,Men,0.0,0.0
Outerwear 167,3.1,3,M,Women,204.61,3273760.0
Jacket 168,4.4,3,L,Unisex,54.4,870400.0
Crewneck 169,4.7,3,XL,Men,502.05,8032800.0
T-shirt 170,4.5,3,XXL,Women,417.37,6677920.0
Pants 172,4.9,3,M,Men,97.88,1566080.0
Outerwear 173,4.6,3,L,Women,439.66,7034560.0
Jacket 174,3.3,3,XL,Unisex,392.64,6282240.0
Crewneck 175,4.5,3,XXL,Men,507.82,8125120.0
T-shirt 176,3.6,3,S,Women,381.52,6104320.0
Hoodie 177,4.6,3,M,Unisex,118.15,1890400.0
Pants 178,3.0,3,L,Men,386.51,6184160.0
Outerwear 179,3.5,3,XL,Women,363.54,5816640.0
Jacket 180,3.9,3,XXL,Unisex,347.04,5552640.0
T-shirt 182,3.8,3,M,Women,145.93,2334880.0
Hoodie 183,3.6,3,L,Unisex,244.04,3904640.0
Pants 184,4.5,3,XL,Men,484.97,7759520.0
Outerwear 185,3.2,3,XXL,Women,488.93,7822880.0
Jacket 186,4.2,3,S,Unisex,433.78,6940480.0
Crewneck 187,3.8,3,M,Men,416.47,6663520.0
T-shirt 188,4.4,3,L,Women,245.49,3927840.0
Hoodie 189,4.0,3,XL,Unisex,121.67,1946720.0
Pants 190,4.5,3,XXL,Men,138.81,2220960.0
Jacket 192,3.8,3,M,Unisex,316.64,5066240.0
Crewneck 193,4.1,3,L,Men,459.73,7355680.0
T-shirt 194,4.9,3,XL,Women,176.17,2818720.0
Hoodie 195,4.9,3,XXL,Unisex,450.56,7208960.0
Pants 196,0.0,8,S,Men,0.0,0.0
Outerwear 197,4.9,3,M,Women,355.1,5681600.0
Jacket 198,4.5,3,L,Unisex,339.69,5435040.0
Crewneck 199,3.1,3,XL,Men,421.52,6744320.0
T-shirt 200,3.5,3,XXL,Women,393.12,6289920.0
Pants 202,3.3,3,M,Men,349.53,5592480.0
Outerwear 203,3.4,3,L,Women,134.0,2144000.0
Jacket 204,3.9,3,XL,Unisex,376.94,6031040.0
Crewneck 205,3.2,3,XXL,Men,402.18,6434880.0
T-shirt 206,4.5,3,S,Women,292.17,4674720.0
Hoodie 207,3.5,3,M,Unisex,381.34,6101440.0
Pants 208,3.1,3,L,Men,289.85,4637600.0
Outerwear 209,4.3,3,XL,Women,498.79,7980640.0
Jacket 210,4.7,3,XXL,Unisex,489.21,7827360.0
T-shirt 212,4.7,3,M,Women,549.68,8794880.0
Hoodie 213,3.6,3,L,Unisex,359.25,5748000.0
Pants 214,4.9,3,XL,Men,269.73,4315680.0
Outerwear 215,3.8,3,XXL,Women,90.6,1449600.0
Jacket 216,4.6,3,S,Unisex,286.03,4576480.0
Crewneck 217,4.8,3,M,Men,360.81,5772960.0
T-shirt 218,3.1,3,L,Women,350.02,5600320.0
Hoodie 219,4.6,3,XL,Unisex,354.44,5671040.0
Pants 220,3.2,3,XXL,Men,209.85,3357600.0
Jacket 222,3.4,3,M,Unisex,464.88,7438080.0
Crewneck 223,4.8,3,L,Men,59.56,952960.0
T-shirt 224,4.5,3,XL,Women,220.91,3534560.0
Hoodie 225,3.5,3,XXL,Unisex,327.05,5232800.0
Pants 226,0.0,8,S,Men,0.0,0.0
Outerwear 227,4.8,3,M,Women,421.41,6742560.0
Jacket 228,4.5,3,L,Unisex,504.8,8076800.0
Crewneck 229,4.9,3,XL,Men,193.87,3101920.0
T-shirt 230,4.5,3,XXL,Women,445.83,7133280.0
Pants 232,4.0,3,M,Men,520.46,8327360.000000001
Outerwear 233,4.8,3,L,Women,52.96,847360.0
Jacket 234,4.5,3,XL,Unisex,72.45,1159200.0
Crewneck 235,3.4,3,XXL,Men,410.02,6560320.0
T-shirt 236,3.9,3,S,Women,343.27,5492320.0
Hoodie 237,3.1,3,M,Unisex,296.47,4743520.0
Pants 238,3.8,3,L,Men,518.87,8301920.0
Outerwear 239,3.1,3,XL,Women,495.88,7934080.0
Jacket 240,3.8,3,XXL,Unisex,475.0,7600000.0
T-shirt 242,3.4,3,M,Women,302.1,4833600.0
Hoodie 243,3.1,3,L,Unisex,210.73,3371680.0
Pants 244,3.1,3,XL,Men,507.26,8116160.0
Outerwear 245,4.0,3,XXL,Women,90.73,1451680.0
Jacket 246,3.1,3,S,Unisex,545.94,8735040.0
Crewneck 247,3.0,3,M,Men,548.07,8769120.0
T-shirt 248,4.5,3,L,Women,142.5,2280000.0
Hoodie 249,4.2,3,XL,Unisex,134.34,2149440.0
Pants 250,3.1,3,XXL,Men,269.64,4314240.0
Jacket 252,3.2,3,M,Unisex,525.53,8408480.0
Crewneck 253,3.9,3,L,Men,115.92,1854720.0
T-shirt 254,3.9,3,XL,Women,374.01,5984160.0
Hoodie 255,4.1,3,XXL,Unisex,229.25,3668000.0
Pants 256,0.0,8,S,Men,0.0,0.0
Outerwear 257,5.0,3,M,Women,442.07,7073120.0
Jacket 258,4.7,3,L,Unisex,130.04,2080639.9999999998
Crewneck 259,3.3,3,XL,Men,142.22,2275520.0
T-shirt 260,3.5,3,XXL,Women,391.97,6271520.0
Pants 262,3.4,3,M,Men,68.61,1097760.0
Outerwear 263,4.2,3,L,Women,117.4,1878400.0
Jacket 264,4.8,3,XL,Unisex,128.94,2063040.0
Crewneck 265,3.5,3,XXL,Men,155.19,2483040.0
T-shirt 266,4.6,3,S,Women,302.63,4842080.0
Hoodie 267,4.3,3,M,Unisex,255.39,4086240.0
Pants 268,3.6,3,L,Men,312.82,5005120.0
Outerwear 269,3.1,3,XL,Women,504.62,8073920.0
Jacket 270,4.2,3,XXL,Unisex,160.57,2569120.0
T-shirt 272,3.3,3,M,Women,363.24,5811840.0
Hoodie 273,4.9,3,L,Unisex,330.71,5291360.0
Pants 274,4.2,3,XL,Men,229.33,3669280.0
Outerwear 275,4.8,3,XXL,Women,348.46,5575360.0
Jacket 276,4.3,3,S,Unisex,63.35,1013600.0
Crewneck 277,4.7,3,M,Men,148.98,2383680.0
T-shirt 278,3.8,3,L,Women,130.46,2087360.0000000002
Hoodie 279,4.7,3,XL,Unisex,349.52,5592320.0
Pants 280,3.9,3,XXL,Men,468.84,7501440.0
Jacket 282,3.0,3,M,Unisex,139.19,2227040.0
Crewneck 283,3.2,3,L,Men,414.57,6633120.0
T-shirt 284,3.6,3,XL,Women,410.5,6568000.0
Hoodie 285,3.2,3,XXL,Unisex,188.07,3009120.0
Pants 286,0.0,8,S,Men,0.0,0.0
Outerwear 287,3.7,3,M,Women,329.6,5273600.0
Jacket 288,4.1,3,L,Unisex,195.19,3123040.0
Crewneck 289,4.0,3,XL,Men,55.5,888000.0
T-shirt 290,4.2,3,XXL,Women,401.57,6425120.0
Pants 292,3.9,3,M,Men,149.03,2384480.0
Outerwear 293,4.5,3,L,Women,73.51,1176160.0
Jacket 294,3.8,3,XL,Unisex,371.7,5947200.0
Crewneck 295,4.9,3,XXL,Men,454.17,7266720.0
T-shirt 296,3.1,3,S,Women,73.26,1172160.0
Hoodie 297,3.6,3,M,Unisex,487.57,7801120.0
Pants 298,4.8,3,L,Men,151.63,2426080.0
Outerwear 299,4.3,3,XL,Women,121.74,1947840.0
Jacket 300,4.0,3,XXL,Unisex,400.53,6408480.0
T-shirt 302,3.2,3,M,Women,356.95,5711200.0
Hoodie 303,4.1,3,L,Unisex,498.41,7974560.0
Pants 304,3.4,3,XL,Men,445.61,7129760.0
Outerwear 305,4.5,3,XXL,Women,395.34,6325440.0
Jacket 306,4.2,3,S,Unisex,473.44,7575040.0
Crewneck 307,3.7,3,M,Men,483.45,7735200.0
T-shirt 308,4.1,3,L,Women,255.38,4086080.0
Hoodie 309,4.8,3,XL,Unisex,247.07,3953120.0
Pants 310,4.7,3,XXL,Men,395.58,6329280.0
Jacket 312,3.8,3,M,Unisex,454.19,7267040.0
Crewneck 313,3.1,3,L,Men,121.77,1948320.0
T-shirt 314,3.2,3,XL,Women,376.07,6017120.0
Hoodie 315,3.1,3,XXL,Unisex,438.93,7022880.0
Pants 316,0.0,8,S,Men,0.0,0.0
Outerwear 317,3.3,3,M,Women,328.69,5259040.0
Jacket 318,3.7,3,L,Unisex,354.2,5667200.0
Crewneck 319,3.3,3,XL,Men,192.87,3085920.0
T-shirt 320,3.3,3,XXL,Women,51.84,829440.0
Pants 322,3.2,3,M,Men,488.15,7810400.0
Outerwear 323,3.1,3,L,Women,529.25,8468000.0
Jacket 324,3.3,3,XL,Unisex,380.17,6082720.0
Crewneck 325,3.4,3,XXL,Men,187.61,3001760.0
T-shirt 326,4.9,3,S,Women,282.46,4519360.0
Hoodie 327,4.4,3,M,Unisex,415.09,6641440.0
Pants 328,4.5,3,L,Men,358.31,5732960.0
Outerwear 329,4.7,3,XL,Women,420.26,6724160.0
Jacket 330,4.3,3,XXL,Unisex,99.45,1591200.0
T-shirt 332,3.4,3,M,Women,145.98,2335680.0
Hoodie 333,4.8,3,L,Unisex,109.13,1746080.0
Pants 334,3.8,3,XL,Men,150.59,2409440.0
Outerwear 335,3.0,3,XXL,Women,176.67,2826720.0
Jacket 336,5.0,3,S,Unisex,389.86,6237760.0
Crewneck 337,4.3,3,M,Men,538.05,8608800.0
T-shirt 338,3.9,3,L,Women,180.21,2883360.0
Hoodie 339,4.9,3,XL,Unisex,276.55,4424800.0
Pants 340,4.3,3,XXL,Men,373.45,5975200.0
Jacket 342,4.8,3,M,Unisex,114.23,1827680.0
Crewneck 343,4.1,3,L,Men,142.44,2279040.0
T-shirt 344,4.5,3,XL,Women,213.48,3415680.0
Hoodie 345,3.3,3,XXL,Unisex,473.59,7577440.0
Pants 346,0.0,8,S,Men,0.0,0.0
Outerwear 347,4.7,3,M,Women,436.63,6986080.0
Jacket 348,4.6,3,L,Unisex,199.69,3195040.0
Crewneck 349,3.5,3,XL,Men,380.35,6085600.0
T-shirt 350,5.0,3,XXL,Women,502.98,8047680.0
Pants 352,4.0,3,M,Men,177.43,2838880.0
Outerwear 353,3.6,3,L,Women,60.1,961600.0
Jacket 354,3.8,3,XL,Unisex,143.42,2294720.0
Crewneck 355,3.2,3,XXL,Men,265.41,4246560.0
T-shirt 356,4.3,3,S,Women,446.88,7150080.0
Hoodie 357,3.6,3,M,Unisex,233.71,3739360.0
Pants 358,3.9,3,L,Men,529.97,8479520.0
Outerwear 359,4.3,3,XL,Women,106.03,1696480.0
Jacket 360,4.8,3,XXL,Unisex,549.27,8788320.0
T-shirt 362,5.0,3,M,Women,298.55,4776800.0
Hoodie 363,3.2,3,L,Unisex,73.21,1171360.0
Pants 364,4.8,3,XL,Men,310.8,4972800.0
Outerwear 365,4.5,3,XXL,Women,434.78,6956480.0
Jacket 366,4.9,3,S,Unisex,365.93,5854880.0
Crewneck 367,4.9,3,M,Men,522.46,8359360.000000001
T-shirt 368,3.2,3,L,Women,60.32,965120.0
Hoodie 369,4.7,3,XL,Unisex,450.31,7204960.0
Pants 370,3.6,3,XXL,Men,284.98,4559680.0
Jacket 372,3.6,3,M,Unisex,315.81,5052960.0
Crewneck 373,3.6,3,L,Men,139.44,2231040.0
T-shirt 374,3.9,3,XL,Women,481.07,7697120.0
Hoodie 375,3.9,3,XXL,Unisex,439.22,7027520.0
Pants 376,0.0,8,S,Men,0.0,0.0
Outerwear 377,4.8,3,M,Women,425.13,6802080.0
Jacket 378,3.6,3,L,Unisex,212.65,3402400.0
Crewneck 379,4.4,3,XL,Men,247.7,3963200.0
T-shirt 380,3.8,3,XXL,Women,159.19,2547040.0
Pants 382,4.4,3,M,Men,84.76,1356160.0
Outerwear 383,3.4,3,L,Women,214.44,3431040.0
Jacket 384,3.3,3,XL,Unisex,90.81,1452960.0
Crewneck 385,4.9,3,XXL,Men,496.92,7950720.0
T-shirt 386,4.6,3,S,Women,299.6,4793600.0
Hoodie 387,4.2,3,M,Unisex,526.13,8418080.0
Pants 388,3.1,3,L,Men,58.2,931200.0
Outerwear 389,5.0,3,XL,Women,180.2,2883200.0
Jacket 390,3.3,3,XXL,Unisex,339.56,5432960.0
T-shirt 392,4.4,3,M,Women,76.63,1226080.0
Hoodie 393,3.2,3,L,Unisex,254.28,4068480.0
Pants 394,3.3,3,XL,Men,221.25,3540000.0
Outerwear 395,4.0,3,XXL,Women,193.67,3098720.0
Jacket 396,3.9,3,S,Unisex,156.58,2505280.0
Crewneck 397,3.6,3,M,Men,53.46,855360.0
T-shirt 398,4.7,3,L,Women,287.05,4592800.0
Hoodie 399,3.6,3,XL,Unisex,157.72,2523520.0
Pants 400,4.7,3,XXL,Men,376.29,6020640.0
Jacket 402,4.6,3,M,Unisex,126.82,2029120.0
Crewneck 403,4.1,3,L,Men,98.77,1580320.0
T-shirt 404,4.9,3,XL,Women,218.82,3501120.0
Hoodie 405,3.8,3,XXL,Unisex,317.51,5080160.0
Pants 406,0.0,8,S,Men,0.0,0.0
Outerwear 407,3.7,3,M,Women,172.58,2761280.0
Jacket 408,4.9,3,L,Unisex,261.0,4176000.0
Crewneck 409,3.5,3,XL,Men,201.36,3221760.0
T-shirt 410,3.1,3,XXL,Women,99.17,1586720.0
Pants 412,4.4,3,M,Men,339.89,5438240.0
Outerwear 413,3.4,3,L,Women,81.65,1306400.0
Jacket 414,3.7,3,XL,Unisex,139.67,2234720.0
Crewneck 415,3.1,3,XXL,Men,226.09,3617440.0
T-shirt 416,3.1,3,S,Women,278.38,4454080.0
Hoodie 417,4.6,3,M,Unisex,173.09,2769440.0
Pants 418,5.0,3,L,Men,394.24,6307840.0
Outerwear 419,5.0,3,XL,Women,437.75,7004000.0
Jacket 420,3.1,3,XXL,Unisex,154.54,2472640.0
T-shirt 422,3.9,3,M,Women,57.77,924320.0
Hoodie 423,3.7,3,L,Unisex,287.61,4601760.0
Pants 424,4.4,3,XL,Men,241.61,3865760.0
Outerwear 425,4.8,3,XXL,Women,158.03,2528480.0
Jacket 426,3.4,3,S,Unisex,216.4,3462400.0
Crewneck 427,3.3,3,M,Men,398.45,6375200.0
T-shirt 428,4.9,3,L,Women,440.82,7053120.0
Hoodie 429,4.9,3,XL,Unisex,103.66,1658560.0
Pants 430,3.9,3,XXL,Men,90.13,1442080.0
Jacket 432,4.5,3,M,Unisex,134.49,2151840.0
Crewneck 433,4.2,3,L,Men,242.03,3872480.0
T-shirt 434,4.9,3,XL,Women,409.82,6557120.0
Hoodie 435,4.0,3,XXL,Unisex,63.48,1015680.0
Pants 436,0.0,8,S,Men,0.0,0.0
Outerwear 437,3.9,3,M,Women,63.55,1016800.0
Jacket 438,4.5,3,L,Unisex,153.32,2453120.0
Crewneck 439,3.2,3,XL,Men,250.34,4005440.0
T-shirt 440,3.0,3,XXL,Women,332.88,5326080.0
Pants 442,4.3,3,M,Men,293.85,4701600.0
Outerwear 443,4.2,3,L,Women,453.92,7262720.0
Jacket 444,3.3,3,XL,Unisex,251.06,4016960.0
Crewneck 445,4.5,3,XXL,Men,223.39,3574240.0
T-shirt 446,3.2,3,S,Women,483.76,7740160.0
Hoodie 447,4.0,3,M,Unisex,296.79,4748640.0
Pants 448,4.4,3,L,Men,51.26,820160.0
Outerwear 449,4.0,3,XL,Women,400.63,6410080.0
Jacket 450,3.1,3,XXL,Unisex,547.18,8754880.0
T-shirt 452,4.4,3,M,Women,430.8,6892800.0
Hoodie 453,4.2,3,L,Unisex,411.06,6576960.0
Pants 454,5.0,3,XL,Men,136.22,2179520.0
Outerwear 455,4.8,3,XXL,Women,68.38,1094080.0
Jacket 456,4.1,3,S,Unisex,506.0,8096000.0
Crewneck 457,4.8,3,M,Men,458.93,7342880.0
T-shirt 458,4.4,3,L,Women,265.0,4240000.0
Hoodie 459,3.5,3,XL,Unisex,202.33,3237280.0
Pants 460,3.6,3,XXL,Men,117.55,1880800.0
Jacket 462,4.5,3,M,Unisex,422.99,6767840.0
Crewneck 463,4.5,3,L,Men,471.22,7539520.0
T-shirt 464,4.5,3,XL,Women,379.38,6070080.0
Hoodie 465,4.7,3,XXL,Unisex,385.27,6164320.0
Pants 466,0.0,8,S,Men,0.0,0.0
Outerwear 467,3.5,3,M,Women,82.87,1325920.0
Jacket 468,3.7,3,L,Unisex,286.56,4584960.0
Crewneck 469,4.2,3,XL,Men,108.68,1738880.0
T-shirt 470,3.1,3,XXL,Women,483.68,7738880.0
Pants 472,3.1,3,M,Men,243.88,3902080.0
Outerwear 473,4.2,3,L,Women,342.38,5478080.0
Jacket 474,4.7,3,XL,Unisex,366.56,5864960.0
Crewneck 475,4.6,3,XXL,Men,438.58,7017280.0
T-shirt 476,4.3,3,S,Women,249.14,3986240.0
Hoodie 477,4.2,3,M,Unisex,414.13,6626080.0
Pants 478,3.8,3,L,Men,307.0,4912000.0
Outerwear 479,4.4,3,XL,Women,456.4,7302400.0
Jacket 480,4.2,3,XXL,Unisex,311.64,4986240.0
T-shirt 482,4.8,3,M,Women,209.53,3352480.0
Hoodie 483,4.2,3,L,Unisex,252.19,4035040.0
Pants 484,4.1,3,XL,Men,401.79,6428640.0
Outerwear 485,4.7,3,XXL,Women,252.78,4044480.0
Jacket 486,3.0,3,S,Unisex,160.86,2573760.0
Crewneck 487,3.7,3,M,Men,434.72,6955520.0
T-shirt 488,3.8,3,L,Women,549.36,8789760.0
Hoodie 489,5.0,3,XL,Unisex,222.16,3554560.0
Pants 490,3.1,3,XXL,Men,442.6,7081600.0
Jacket 492,3.0,3,M,Unisex,375.74,6011840.0
Crewneck 493,4.8,3,L,Men,316.97,5071520.0
T-shirt 494,3.4,3,XL,Women,86.88,1390080.0
Hoodie 495,4.5,3,XXL,Unisex,103.95,1663200.0
Pants 496,0.0,8,S,Men,0.0,0.0
Outerwear 497,4.4,3,M,Women,247.36,3957760.0
Jacket 498,4.6,3,L,Unisex,275.8,4412800.0
Crewneck 499,4.1,3,XL,Men,489.12,7825920.0
T-shirt 500,4.2,3,XXL,Women,507.15,8114400.0
Pants 502,4.4,3,M,Men,445.78,7132480.0
Outerwear 503,4.8,3,L,Women,307.78,4924480.0
Jacket 504,5.0,3,XL,Unisex,501.53,8024480.0
Crewneck 505,4.3,3,XXL,Men,546.73,8747680.0
T-shirt 506,3.6,3,S,Women,535.75,8572000.0
Hoodie 507,4.7,3,M,Unisex,427.75,6844000.0
Pants 508,3.5,3,L,Men,485.38,7766080.0
Outerwear 509,3.1,3,XL,Women,448.65,7178400.0
Jacket 510,3.4,3,XXL,Unisex,97.63,1562080.0
T-shirt 512,3.7,3,M,Women,269.98,4319680.0
Hoodie 513,4.4,3,L,Unisex,105.86,1693760.0
Pants 514,3.9,3,XL,Men,430.56,6888960.0
Outerwear 515,3.1,3,XXL,Women,453.91,7262560.0
Jacket 516,3.4,3,S,Unisex,445.67,7130720.0
Crewneck 517,3.5,3,M,Men,66.83,1069280.0
T-shirt 518,4.1,3,L,Women,160.98,2575680.0
Hoodie 519,4.5,3,XL,Unisex,139.76,2236160.0
Pants 520,3.8,3,XXL,Men,144.27,2308320.0
Jacket 522,4.0,3,M,Unisex,393.31,6292960.0
Crewneck 523,4.6,3,L,Men,226.67,3626720.0
T-shirt 524,3.8,3,XL,Women,58.5,936000.0
Hoodie 525,3.6,3,XXL,Unisex,494.94,7919040.0
Pants 526,0.0,8,S,Men,0.0,0.0
Outerwear 527,3.6,3,M,Women,291.83,4669280.0
Jacket 528,4.0,3,L,Unisex,349.74,5595840.0
Crewneck 529,3.2,3,XL,Men,88.76,1420160.0
T-shirt 530,3.3,3,XXL,Women,385.86,6173760.0
Pants 532,4.1,3,M,Men,524.45,8391200.0
Outerwear 533,4.2,3,L,Women,210.64,3370240.0
Jacket 534,3.7,3,XL,Unisex,217.45,3479200.0
Crewneck 535,3.7,3,XXL,Men,243.83,3901280.0
T-shirt 536,3.0,3,S,Women,318.28,5092480.0
Hoodie 537,3.1,3,M,Unisex,541.99,8671840.0
Pants 538,3.4,3,L,Men,383.39,6134240.0
Outerwear 539,4.7,3,XL,Women,293.29,4692640.0
Jacket 540,4.4,3,XXL,Unisex,440.74,7051840.0
T-shirt 542,3.5,3,M,Women,297.59,4761440.0
Hoodie 543,4.7,3,L,Unisex,544.73,8715680.0
Pants 544,3.1,3,XL,Men,372.36,5957760.0
Outerwear 545,4.0,3,XXL,Women,223.71,3579360.0
Jacket 546,3.3,3,S,Unisex,391.97,6271520.0
Crewneck 547,3.9,3,M,Men,335.07,5361120.0
T-shirt 548,4.6,3,L,Women,167.89,2686240.0
Hoodie 549,3.7,3,XL,Unisex,167.95,2687200.0
Pants 550,4.9,3,XXL,Men,278.13,4450080.0
Jacket 552,4.1,3,M,Unisex,336.27,5380320.0
Crewneck 553,3.8,3,L,Men,485.05,7760800.0
T-shirt 554,4.5,3,XL,Women,250.07,4001120.0
Hoodie 555,3.0,3,XXL,Unisex,113.1,1809600.0
Pants 556,0.0,8,S,Men,0.0,0.0
Outerwear 557,3.4,3,M,Women,341.28,5460480.0
Jacket 558,4.0,3,L,Unisex,312.94,5007040.0
Crewneck 559,3.5,3,XL,Men,99.43,1590880.0
T-shirt 560,4.2,3,XXL,Women,430.33,6885280.0
Pants 562,4.5,3,M,Men,232.76,3724160.0
Outerwear 563,4.7,3,L,Women,512.34,8197440.000000001
Jacket 564,4.3,3,XL,Unisex,519.95,8319200.000000001
Crewneck 565,3.5,3,XXL,Men,477.2,7635200.0
T-shirt 566,4.6,3,S,Women,163.21,2611360.0
Hoodie 567,3.2,3,M,Unisex,286.01,4576160.0
Pants 568,3.3,3,L,Men,186.51,2984160.0
Outerwear 569,4.7,3,XL,Women,310.43,4966880.0
Jacket 570,3.9,3,XXL,Unisex,250.06,4000960.0
T-shirt 572,3.2,3,M,Women,297.27,4756320.0
Hoodie 573,4.5,3,L,Unisex,434.63,6954080.0
Pants 574,3.8,3,XL,Men,151.5,2424000.0
Outerwear 575,3.4,3,XXL,Women,219.86,3517760.0
Jacket 576,3.5,3,S,Unisex,50.35,805600.0
Crewneck 577,3.3,3,M,Men,492.12,7873920.0
T-shirt 578,4.1,3,L,Women,497.43,7958880.0
Hoodie 579,4.4,3,XL,Unisex,276.79,4428640.0
Pants 580,3.3,3,XXL,Men,164.09,2625440.0
Jacket 582,4.1,3,M,Unisex,257.01,4112160.0
Crewneck 583,4.5,3,L,Men,358.61,5737760.0
T-shirt 584,4.8,3,XL,Women,435.31,6964960.0
Hoodie 585,4.9,3,XXL,Unisex,386.68,6186880.0
Pants 586,0.0,8,S,Men,0.0,0.0
Outerwear 587,4.4,3,M,Women,276.56,4424960.0
Jacket 588,4.7,3,L,Unisex,310.19,4963040.0
Crewneck 589,4.7,3,XL,Men,58.24,931840.0
T-shirt 590,3.9,3,XXL,Women,403.57,6457120.0
Pants 592,4.3,3,M,Men,425.34,6805440.0
Outerwear 593,3.9,3,L,Women,447.74,7163840.0
Jacket 594,4.2,3,XL,Unisex,544.23,8707680.0
Crewneck 595,3.5,3,XXL,Men,232.74,3723840.0
T-shirt 596,4.4,3,S,Women,518.15,8290400.0
Hoodie 597,3.3,3,M,Unisex,498.09,7969440.0
Pants 598,4.1,3,L,Men,294.63,4714080.0
Outerwear 599,3.3,3,XL,Women,73.69,1179040.0
Jacket 600,3.0,3,XXL,Unisex,400.88,6414080.0
T-shirt 602,4.4,3,M,Women,141.31,2260960.0
Hoodie 603,3.1,3,L,Unisex,469.47,7511520.0
Pants 604,4.3,3,XL,Men,478.89,7662240.0
Outerwear 605,3.7,3,XXL,Women,106.92,1710720.0
Jacket 606,4.6,3,S,Unisex,360.67,5770720.0
Crewneck 607,3.1,3,M,Men,241.1,3857600.0
T-shirt 608,4.6,3,L,Women,440.49,7047840.0
Hoodie 609,4.1,3,XL,Unisex,184.77,2956320.0
Pants 610,3.3,3,XXL,Men,282.21,4515360.0
Jacket 612,3.1,3,M,Unisex,200.17,3202720.0
Crewneck 613,3.6,3,L,Men,63.37,1013920.0
T-shirt 614,3.1,3,XL,Women,151.76,2428160.0
Hoodie 615,4.8,3,XXL,Unisex,299.92,4798720.0
Pants 616,0.0,8,S,Men,0.0,0.0
Outerwear 617,4.3,3,M,Women,110.37,1765920.0
Jacket 618,3.3,3,L,Unisex,404.63,6474080.0
Crewneck 619,4.4,3,XL,Men,521.29,8340639.999999999
T-shirt 620,3.3,3,XXL,Women,141.89,2270240.0
Pants 622,3.5,3,M,Men,303.1,4849600.0
Outerwear 623,4.6,3,L,Women,456.22,7299520.0
Jacket 624,3.9,3,XL,Unisex,433.95,6943200.0
Crewneck 625,4.1,3,XXL,Men,489.15,7826400.0
T-shirt 626,4.5,3,S,Women,486.09,7777440.0
Hoodie 627,3.2,3,M,Unisex,77.02,1232320.0
Pants 628,4.3,3,L,Men,507.07,8113120.0
Outerwear 629,4.4,3,XL,Women,249.87,3997920.0
Jacket 630,3.8,3,XXL,Unisex,62.73,1003680.0
T-shirt 632,3.6,3,M,Women,269.64,4314240.0
Hoodie 633,3.1,3,L,Unisex,195.5,3128000.0
Pants 634,3.9,3,XL,Men,533.48,8535680.0
Outerwear 635,4.1,3,XXL,Women,431.07,6897120.0
Jacket 636,4.5,3,S,Unisex,217.27,3476320.0
Crewneck 637,4.0,3,M,Men,376.89,6030240.0
T-shirt 638,4.6,3,L,Women,326.31,5220960.0
Hoodie 639,4.7,3,XL,Unisex,423.92,6782720.0
Pants 640,3.8,3,XXL,Men,189.91,3038560.0
Jacket 642,4.7,3,M,Unisex,484.21,7747360.0
Crewneck 643,3.2,3,L,Men,382.25,6116000.0
T-shirt 644,4.2,3,XL,Women,467.46,7479360.0
Hoodie 645,3.3,3,XXL,Unisex,205.34,3285440.0
Pants 646,0.0,8,S,Men,0.0,0.0
Outerwear 647,3.8,3,M,Women,269.06,4304960.0
Jacket 648,4.5,3,L,Unisex,543.72,8699520.0
Crewneck 649,3.2,3,XL,Men,536.76,8588160.0
T-shirt 650,3.4,3,XXL,Women,500.8,8012800.0
Pants 652,3.3,3,M,Men,380.31,6084960.0
Outerwear 653,4.0,3,L,Women,163.88,2622080.0
Jacket 654,4.7,3,XL,Unisex,255.59,4089440.0
Crewneck 655,4.1,3,XXL,Men,114.64,1834240.0
T-shirt 656,4.2,3,S,Women,158.67,2538720.0
Hoodie 657,4.8,3,M,Unisex,528.69,8459040.0
Pants 658,3.8,3,L,Men,391.77,6268320.0
Outerwear 659,3.3,3,XL,Women,113.62,1817920.0
Jacket 660,3.5,3,XXL,Unisex,544.7,8715200.0
T-shirt 662,4.5,3,M,Women,88.92,1422720.0
Hoodie 663,4.0,3,L,Unisex,442.95,7087200.0
Pants 664,3.5,3,XL,Men,515.54,8248639.999999999
Outerwear 665,3.2,3,XXL,Women,252.1,4033600.0
Jacket 666,3.9,3,S,Unisex,302.75,4844000.0
Crewneck 667,3.7,3,M,Men,109.79,1756640.0
T-shirt 668,3.7,3,L,Women,315.29,5044640.0
Hoodie 669,3.3,3,XL,Unisex,146.63,2346080.0
Pants 670,4.8,3,XXL,Men,525.42,8406720.0
Jacket 672,4.5,3,M,Unisex,298.51,4776160.0
Crewneck 673,4.7,3,L,Men,175.21,2803360.0
T-shirt 674,3.1,3,XL,Women,197.29,3156640.0
Hoodie 675,3.2,3,XXL,Unisex,269.68,4314880.0
Pants 676,0.0,8,S,Men,0.0,0.0
Outerwear 677,3.3,3,M,Women,291.09,4657440.0
Jacket 678,4.3,3,L,Unisex,173.57,2777120.0
Crewneck 679,3.2,3,XL,Men,398.32,6373120.0
T-shirt 680,3.2,3,XXL,Women,510.3,8164800.0
Pants 682,3.9,3,M,Men,476.03,7616480.0
Outerwear 683,3.6,3,L,Women,244.21,3907360.0
Jacket 684,3.5,3,XL,Unisex,443.91,7102560.0
Crewneck 685,4.6,3,XXL,Men,93.49,1495840.0
T-shirt 686,3.8,3,S,Women,336.36,5381760.0
Hoodie 687,4.7,3,M,Unisex,263.8,4220800.0
Pants 688,4.4,3,L,Men,92.97,1487520.0
Outerwear 689,4.6,3,XL,Women,121.19,1939040.0
Jacket 690,4.7,3,XXL,Unisex,548.91,8782560.0
T-shirt 692,4.1,3,M,Women,88.53,1416480.0
Hoodie 693,4.1,3,L,Unisex,189.48,3031680.0
Pants 694,3.4,3,XL,Men,154.17,2466720.0
Outerwear 695,3.3,3,XXL,Women,59.96,959360.0
Jacket 696,4.2,3,S,Unisex,321.64,5146240.0
Crewneck 697,5.0,3,M,Men,409.07,6545120.0
T-shirt 698,4.1,3,L,Women,152.81,2444960.0
Hoodie 699,4.5,3,XL,Unisex,328.14,5250240.0
Pants 700,4.3,3,XXL,Men,220.41,3526560.0
Jacket 702,4.3,3,M,Unisex,307.98,4927680.0
Crewneck 703,4.2,3,L,Men,184.32,2949120.0
T-shirt 704,4.1,3,XL,Women,388.39,6214240.0
Hoodie 705,3.1,3,XXL,Unisex,190.18,3042880.0
Pants 706,0.0,8,S,Men,0.0,0.0
Outerwear 707,4.4,3,M,Women,484.14,7746240.0
Jacket 708,4.3,3,L,Unisex,533.83,8541280.0
Crewneck 709,3.9,3,XL,Men,438.9,7022400.0
T-shirt 710,3.2,3,XXL,Women,234.47,3751520.0
Pants 712,4.1,3,M,Men,94.4,1510400.0
Outerwear 713,4.4,3,L,Women,196.43,3142880.0
Jacket 714,3.1,3,XL,Unisex,55.77,892320.0
Crewneck 715,3.9,3,XXL,Men,438.86,7021760.0
T-shirt 716,4.9,3,S,Women,225.16,3602560.0
Hoodie 717,3.6,3,M,Unisex,95.8,1532800.0
Pants 718,3.2,3,L,Men,253.57,4057120.0
Outerwear 719,4.7,3,XL,Women,198.31,3172960.0
Jacket 720,3.8,3,XXL,Unisex,126.77,2028320.0
T-shirt 722,3.2,3,M,Women,545.27,8724320.0
Hoodie 723,3.4,3,L,Unisex,354.05,5664800.0
Pants 724,4.7,3,XL,Men,301.55,4824800.0
Outerwear 725,3.0,3,XXL,Women,311.2,4979200.0
Jacket 726,3.5,3,S,Unisex,396.62,6345920.0
Crewneck 727,4.8,3,M,Men,251.5,4024000.0
T-shirt 728,3.0,3,L,Women,510.84,8173440.0
Hoodie 729,3.6,3,XL,Unisex,401.96,6431360.0
Pants 730,4.5,3,XXL,Men,451.8,7228800.0
Jacket 732,3.9,3,M,Unisex,412.35,6597600.0
Crewneck 733,4.7,3,L,Men,72.68,1162880.0
T-shirt 734,4.2,3,XL,Women,428.66,6858560.0
Hoodie 735,4.0,3,XXL,Unisex,291.52,4664320.0
Pants 736,0.0,8,S,Men,0.0,0.0
Outerwear 737,4.7,3,M,Women,63.48,1015680.0
Jacket 738,3.7,3,L,Unisex,118.37,1893920.0
Crewneck 739,3.3,3,XL,Men,504.56,8072960.0
T-shirt 740,3.4,3,XXL,Women,438.54,7016640.0
Pants 742,3.6,3,M,Men,351.63,5626080.0
Outerwear 743,3.0,3,L,Women,354.88,5678080.0
Jacket 744,4.1,3,XL,Unisex,323.48,5175680.0
Crewneck 745,3.8,3,XXL,Men,180.16,2882560.0
T-shirt 746,5.0,3,S,Women,94.84,1517440.0
Hoodie 747,4.7,3,M,Unisex,395.43,6326880.0
Pants 748,3.7,3,L,Men,195.88,3134080.0
Outerwear 749,3.2,3,XL,Women,164.21,2627360.0
Jacket 750,3.7,3,XXL,Unisex,64.4,1030400.0000000001
T-shirt 752,3.8,3,M,Women,464.47,7431520.0
Hoodie 753,4.8,3,L,Unisex,508.6,8137600.0
Pants 754,3.1,3,XL,Men,451.86,7229760.0
Outerwear 755,4.6,3,XXL,Women,431.9,6910400.0
Jacket 756,3.1,3,S,Unisex,445.5,7128000.0
Crewneck 757,4.4,3,M,Men,473.92,7582720.0
T-shirt 758,3.1,3,L,Women,376.62,6025920.0
Hoodie 759,4.7,3,XL,Unisex,173.74,2779840.0
Pants 760,4.1,3,XXL,Men,136.94,2191040.0
Jacket 762,4.9,3,M,Unisex,255.74,4091840.0
Crewneck 763,3.9,3,L,Men,362.04,5792640.0
T-shirt 764,3.4,3,XL,Women,450.73,7211680.0
Hoodie 765,4.9,3,XXL,Unisex,83.96,1343360.0
Pants 766,0.0,8,S,Men,0.0,0.0
Outerwear 767,4.5,3,M,Women,259.55,4152800.0
Jacket 768,4.9,3,L,Unisex,353.88,5662080.0
Crewneck 769,3.3,3,XL,Men,393.41,6294560.0
T-shirt 770,3.5,3,XXL,Women,103.44,1655040.0
Pants 772,3.4,3,M,Men,546.76,8748160.0
Outerwear 773,3.2,3,L,Women,212.1,3393600.0
Jacket 774,4.1,3,XL,Unisex,92.86,1485760.0
Crewneck 775,3.1,3,XXL,Men,511.84,8189440.0
T-shirt 776,3.7,3,S,Women,333.32,5333120.0
Hoodie 777,3.4,3,M,Unisex,381.55,6104800.0
Pants 778,4.2,3,L,Men,377.17,6034720.0
Outerwear 779,3.2,3,XL,Women,363.53,5816480.0
Jacket 780,3.4,3,XXL,Unisex,172.97,2767520.0
T-shirt 782,4.5,3,M,Women,257.34,4117439.9999999995
Hoodie 783,3.0,3,L,Unisex,156.92,2510720.0
Pants 784,3.0,3,XL,Men,333.83,5341280.0
Outerwear 785,4.3,3,XXL,Women,402.78,6444480.0
Jacket 786,5.0,3,S,Unisex,421.83,6749280.0
Crewneck 787,4.7,3,M,Men,287.1,4593600.0
T-shirt 788,4.7,3,L,Women,190.07,3041120.0
Hoodie 789,4.0,3,XL,Unisex,134.58,2153280.0
Pants 790,3.2,3,XXL,Men,106.77,1708320.0
Jacket 792,3.8,3,M,Unisex,254.31,4068960.0
Crewneck 793,4.0,3,L,Men,540.63,8650080.0
T-shirt 794,4.0,3,XL,Women,373.94,5983040.0
Hoodie 795,3.9,3,XXL,Unisex,263.1,4209600.0
Pants 796,0.0,8,S,Men,0.0,0.0
Outerwear 797,4.9,3,M,Women,173.21,2771360.0
Jacket 798,3.4,3,L,Unisex,274.44,4391040.0
Crewneck 799,4.2,3,XL,Men,253.05,4048800.0
T-shirt 800,4.6,3,XXL,Women,464.58,7433280.0
Pants 802,4.4,3,M,Men,356.89,5710240.0
Outerwear 803,4.3,3,L,Women,117.21,1875360.0
Jacket 804,3.9,3,XL,Unisex,278.69,4459040.0
Crewneck 805,4.8,3,XXL,Men,204.17,3266720.0
T-shirt 806,3.0,3,S,Women,456.91,7310560.0
Hoodie 807,4.7,3,M,Unisex,313.5,5016000.0
Pants 808,3.2,3,L,Men,544.86,8717760.0
Outerwear 809,3.7,3,XL,Women,447.66,7162560.0
Jacket 810,4.8,3,XXL,Unisex,237.29,3796640.0
T-shirt 812,4.2,3,M,Women,400.38,6406080.0
Hoodie 813,5.0,3,L,Unisex,304.55,4872800.0
Pants 814,4.7,3,XL,Men,69.38,1110080.0
Outerwear 815,4.8,3,XXL,Women,374.09,5985440.0
Jacket 816,4.5,3,S,Unisex,103.07,1649120.0
Crewneck 817,4.4,3,M,Men,546.51,8744160.0
T-shirt 818,3.8,3,L,Women,322.52,5160320.0
Hoodie 819,4.7,3,XL,Unisex,296.4,4742400.0
Pants 820,3.4,3,XXL,Men,376.92,6030720.0
Jacket 822,4.2,3,M,Unisex,52.39,838240.0
Crewneck 823,4.7,3,L,Men,381.47,6103520.0
T-shirt 824,4.1,3,XL,Women,206.34,3301440.0
Hoodie 825,3.8,3,XXL,Unisex,66.15,1058400.0
Pants 826,0.0,8,S,Men,0.0,0.0
Outerwear 827,4.8,3,M,Women,443.19,7091040.0
Jacket 828,4.6,3,L,Unisex,145.25,2324000.0
Crewneck 829,4.4,3,XL,Men,289.4,4630400.0
T-shirt 830,3.0,3,XXL,Women,281.03,4496480.0
Pants 832,4.6,3,M,Men,247.21,3955360.0
Outerwear 833,3.0,3,L,Women,443.83,7101280.0
Jacket 834,3.1,3,XL,Unisex,451.48,7223680.0
Crewneck 835,3.9,3,XXL,Men,446.46,7143360.0
T-shirt 836,4.1,3,S,Women,379.09,6065440.0
Hoodie 837,5.0,3,M,Unisex,345.79,5532640.0
Pants 838,3.1,3,L,Men,178.05,2848800.0
Outerwear 839,3.9,3,XL,Women,263.02,4208320.0
Jacket 840,3.6,3,XXL,Unisex,510.29,8164640.0
T-shirt 842,3.3,3,M,Women,178.69,2859040.0
Hoodie 843,3.6,3,L,Unisex,187.32,2997120.0
Pants 844,3.9,3,XL,Men,463.93,7422880.0
Outerwear 845,3.2,3,XXL,Women,126.45,2023200.0
Jacket 846,3.6,3,S,Unisex,467.53,7480480.0
Crewneck 847,3.7,3,M,Men,299.37,4789920.0
T-shirt 848,4.1,3,L,Women,383.39,6134240.0
Hoodie 849,3.5,3,XL,Unisex,488.51,7816160.0
Pants 850,4.2,3,XXL,Men,259.01,4144160.0
Jacket 852,4.1,3,M,Unisex,173.58,2777280.0
Crewneck 853,3.4,3,L,Men,165.24,2643840.0
T-shirt 854,4.5,3,XL,Women,100.0,1600000.0
Hoodie 855,5.0,3,XXL,Unisex,203.11,3249760.0
Pants 856,0.0,8,S,Men,0.0,0.0
Outerwear 857,3.0,3,M,Women,283.3,4532800.0
Jacket 858,3.7,3,L,Unisex,234.29,3748640.0
Crewneck 859,3.0,3,XL,Men,401.16,6418560.0
T-shirt 860,4.7,3,XXL,Women,151.21,2419360.0
Pants 862,3.3,3,M,Men,258.21,4131359.9999999995
Outerwear 863,4.0,3,L,Women,66.96,1071360.0
Jacket 864,4.5,3,XL,Unisex,135.5,2168000.0
Crewneck 865,3.9,3,XXL,Men,425.32,6805120.0
T-shirt 866,3.2,3,S,Women,149.94,2399040.0
Hoodie 867,3.3,3,M,Unisex,81.49,1303840.0
Pants 868,4.6,3,L,Men,467.11,7473760.0
Outerwear 869,4.5,3,XL,Women,377.52,6040320.0
Jacket 870,3.5,3,XXL,Unisex,399.69,6395040.0
T-shirt 872,4.3,3,M,Women,83.98,1343680.0
Hoodie 873,4.8,3,L,Unisex,520.1,8321600.0
Pants 874,4.4,3,XL,Men,172.2,2755200.0
Outerwear 875,4.6,3,XXL,Women,156.67,2506720.0
Jacket 876,4.6,3,S,Unisex,201.61,3225760.0
Crewneck 877,4.6,3,M,Men,284.54,4552640.0
T-shirt 878,4.7,3,L,Women,300.61,4809760.0
Hoodie 879,3.1,3,XL,Unisex,64.18,1026880.0000000001
Pants 880,4.3,3,XXL,Men,406.11,6497760.0
Jacket 882,3.3,3,M,Unisex,401.31,6420960.0
Crewneck 883,3.6,3,L,Men,368.82,5901120.0
T-shirt 884,4.3,3,XL,Women,463.42,7414720.0
Hoodie 885,3.4,3,XXL,Unisex,297.54,4760640.0
Pants 886,0.0,8,S,Men,0.0,0.0
Outerwear 887,3.8,3,M,Women,487.9,7806400.0
Jacket 888,4.2,3,L,Unisex,491.83,7869280.0
Crewneck 889,4.6,3,XL,Men,395.87,6333920.0
T-shirt 890,4.7,3,XXL,Women,402.44,6439040.0
Pants 892,4.4,3,M,Men,532.21,8515360.0
Outerwear 893,3.2,3,L,Women,167.1,2673600.0
Jacket 894,4.8,3,XL,Unisex,184.16,2946560.0
Crewneck 895,4.3,3,XXL,Men,70.42,1126720.0
T-shirt 896,4.9,3,S,Women,492.11,7873760.0
Hoodie 897,3.1,3,M,Unisex,379.87,6077920.0
Pants 898,4.1,3,L,Men,525.54,8408640.0
Outerwear 899,4.8,3,XL,Women,387.06,6192960.0
Jacket 900,3.3,3,XXL,Unisex,450.89,7214240.0
T-shirt 902,3.6,3,M,Women,197.75,3164000.0
Hoodie 903,4.1,3,L,Unisex,163.62,2617920.0
Pants 904,3.9,3,XL,Men,209.77,3356320.0
Outerwear 905,4.9,3,XXL,Women,314.24,5027840.0
Jacket 906,3.9,3,S,Unisex,268.86,4301760.0
Crewneck 907,4.9,3,M,Men,545.79,8732640.0
T-shirt 908,4.2,3,L,Women,497.18,7954880.0
Hoodie 909,3.6,3,XL,Unisex,523.99,8383840.0
Pants 910,4.7,3,XXL,Men,149.7,2395200.0
Jacket 912,4.9,3,M,Unisex,490.83,7853280.0
Crewneck 913,3.5,3,L,Men,201.39,3222240.0
T-shirt 914,4.6,3,XL,Women,362.45,5799200.0
Hoodie 915,4.2,3,XXL,Unisex,165.57,2649120.0
Pants 916,0.0,8,S,Men,0.0,0.0
Outerwear 917,4.0,3,M,Women,378.85,6061600.0
Jacket 918,3.3,3,L,Unisex,336.3,5380800.0
Crewneck 919,4.7,3,XL,Men,522.75,8364000.0
T-shirt 920,3.2,3,XXL,Women,231.63,3706080.0
Pants 922,4.4,3,M,Men,75.68,1210880.0
Outerwear 923,3.7,3,L,Women,152.24,2435840.0
Jacket 924,3.8,3,XL,Unisex,235.27,3764320.0
Crewneck 925,4.5,3,XXL,Men,493.8,7900800.0
T-shirt 926,4.6,3,S,Women,119.44,1911040.0
Hoodie 927,3.5,3,M,Unisex,481.65,7706400.0
Pants 928,3.4,3,L,Men,244.48,3911680.0
Outerwear 929,3.3,3,XL,Women,78.34,1253440.0
Jacket 930,4.9,3,XXL,Unisex,108.82,1741120.0
T-shirt 932,4.2,3,M,Women,371.1,5937600.0
Hoodie 933,3.4,3,L,Unisex,310.05,4960800.0
Pants 934,3.6,3,XL,Men,140.51,2248160.0
Outerwear 935,4.1,3,XXL,Women,378.0,6048000.0
Jacket 936,3.1,3,S,Unisex,385.34,6165440.0
Crewneck 937,4.1,3,M,Men,154.71,2475360.0
T-shirt 938,3.6,3,L,Women,253.65,4058400.0
Hoodie 939,4.8,3,XL,Unisex,279.13,4466080.0
Pants 940,3.7,3,XXL,Men,361.0,5776000.0
Jacket 942,3.0,3,M,Unisex,498.31,7972960.0
Crewneck 943,4.4,3,L,Men,285.69,4571040.0
T-shirt 944,4.6,3,XL,Women,98.64,1578240.0
Hoodie 945,4.2,3,XXL,Unisex,131.73,2107680.0
Pants 946,0.0,8,S,Men,0.0,0.0
Outerwear 947,4.6,3,M,Women,442.48,7079680.0
Jacket 948,3.9,3,L,Unisex,287.53,4600480.0
Crewneck 949,4.4,3,XL,Men,115.27,1844320.0
T-shirt 950,4.9,3,XXL,Women,480.73,7691680.0
Pants 952,3.7,3,M,Men,447.19,7155040.0
Outerwear 953,3.8,3,L,Women,526.45,8423200.0
Jacket 954,4.1,3,XL,Unisex,242.42,3878720.0
Crewneck 955,4.7,3,XXL,Men,437.91,7006560.0
T-shirt 956,3.1,3,S,Women,278.6,4457600.0
Hoodie 957,4.4,3,M,Unisex,251.52,4024320.0
Pants 958,4.8,3,L,Men,246.64,3946240.0
Outerwear 959,4.6,3,XL,Women,426.78,6828480.0
Jacket 960,4.5,3,XXL,Unisex,365.01,5840160.0
T-shirt 962,4.1,3,M,Women,180.49,2887840.0
Hoodie 963,4.6,3,L,Unisex,494.76,7916160.0
Pants 964,3.3,3,XL,Men,242.83,3885280.0
Outerwear 965,4.5,3,XXL,Women,194.2,3107200.0
Jacket 966,4.9,3,S,Unisex,531.22,8499520.0
Crewneck 967,3.5,3,M,Men,109.0,1744000.0
T-shirt 968,4.4,3,L,Women,252.82,4045120.0
Hoodie 969,3.8,3,XL,Unisex,264.49,4231840.0
Pants 970,4.6,3,XXL,Men,59.56,952960.0
Jacket 972,4.4,3,M,Unisex,454.5,7272000.0
Crewneck 973,3.9,3,L,Men,445.9,7134400.0
T-shirt 974,3.0,3,XL,Women,298.08,4769280.0
Hoodie 975,3.6,3,XXL,Unisex,301.0,4816000.0
Pants 976,0.0,8,S,Men,0.0,0.0
Outerwear 977,3.6,3,M,Women,209.75,3356000.0
Jacket 978,3.6,3,L,Unisex,244.89,3918240.0
Crewneck 979,3.4,3,XL,Men,303.03,4848480.0
T-shirt 980,3.1,3,XXL,Women,409.0,6544000.0
Pants 982,4.9,3,M,Men,455.11,7281760.0
Outerwear 983,3.2,3,L,Women,360.16,5762560.0
Jacket 984,3.8,3,XL,Unisex,459.34,7349440.0
Crewneck 985,4.3,3,XXL,Men,389.75,6236000.0
T-shirt 986,4.5,3,S,Women,419.61,6713760.0
Hoodie 987,4.7,3,M,Unisex,250.5,4008000.0
Pants 988,3.5,3,L,Men,128.39,2054239.9999999998
Outerwear 989,4.2,3,XL,Women,429.34,6869440.0
Jacket 990,4.2,3,XXL,Unisex,207.96,3327360.0
T-shirt 992,4.9,3,M,Women,302.53,4840480.0
Hoodie 993,3.4,3,L,Unisex,397.62,6361920.0
Pants 994,4.4,3,XL,Men,105.86,1693760.0
Outerwear 995,3.2,3,XXL,Women,502.92,8046720.0
Jacket 996,4.3,3,S,Unisex,433.9,6942400.0
Crewneck 997,3.9,3,M,Men,332.58,5321280.0
T-shirt 998,4.2,3,L,Women,56.75,908000.0
Hoodie 999,4.8,3,XL,Unisex,533.39,8534240.0
Pants 1000,4.7,3,XXL,Men,183.64,2938240.0
